Actual,Linear_Predicted_Value,Linear_Predicted_Class,Logistic_Probability,Logistic_Predicted_Class,KNN_Probability,KNN_Predicted_Class
0,0.20535373869792584,0,0.19531350866553956,0,0.176500410384168,0
0,0.23153013491945507,0,0.21526709696948404,0,0.19638067046279808,0
1,0.2226982084265462,0,0.20141382500250116,0,0.2825830850009261,0
0,0.44440756119868663,0,0.5244328487493805,1,0.3045562937367863,0
0,0.22079496537351784,0,0.20904733486378133,0,0.09870353850869702,0
0,0.20281327518826375,0,0.1819602135976631,0,0.30680348854553474,0
0,0.23531826061682348,0,0.23186634796860858,0,0.23718663787620214,0
0,0.12572671777562205,0,0.089349966994355,0,0.12826673410524567,0
0,0.1629502551498656,0,0.13789665325322434,0,0.20086856378562673,0
0,0.16934694516114146,0,0.1658858893235098,0,0.19607763185339497,0
1,0.06216528701303847,0,0.05655477885207751,0,0.06632679340183861,0
0,0.18490675859121652,0,0.13712156115462176,0,0.05876686094695782,0
0,0.14078966600656473,0,0.1067163162552565,0,0.028576657768555513,0
0,0.31230886226662535,0,0.3437012326125308,0,0.08774914293416351,0
0,0.11338204981608446,0,0.09229832562342964,0,0.12185611709848392,0
1,0.18300447118333085,0,0.16738833504482942,0,0.09473452065704423,0
0,0.06864430328885951,0,0.060873952200374254,0,0.041696837949645814,0
0,0.06192321039217141,0,0.06483740624622675,0,0.09027764244827442,0
1,0.14005311175346458,0,0.11809122004955418,0,0.09110571326138148,0
0,0.2939048115349554,0,0.32068079928724375,0,0.21674041416242368,0
1,0.053602730274600385,0,0.06726554177041276,0,0.12968353133269717,0
0,0.13352014416290126,0,0.09536200327846847,0,0.21725051458727115,0
0,0.10050560889004356,0,0.0767289649944413,0,0.15094348971126972,0
0,0.24014081835521628,0,0.2453626201838323,0,0.32359259728624384,0
0,0.1424502340933952,0,0.12273830064226993,0,0.19583707272665196,0
0,0.2251781169075906,0,0.22030270709417485,0,0.20579612809170666,0
0,0.08483682570177153,0,0.08656832788022199,0,0.16178022359312716,0
0,0.15486114275770202,0,0.1298119673676803,0,0.03778395477100581,0
0,0.16827578780181018,0,0.15645629200423394,0,0.1479945945859593,0
0,0.042062705451833216,0,0.04544744226812284,0,0.030312001570232904,0
0,0.06858969697742412,0,0.0664527966272083,0,0.09912868318693878,0
0,0.09261158878344877,0,0.08259601889018829,0,0.0595899927553101,0
0,0.2737276398764118,0,0.28090708112803,0,0.3238347478445649,0
0,0.3653148528833592,0,0.4624087511018268,0,0.417044223195507,0
0,0.06884255488231672,0,0.0736160082736974,0,0.08701656061348703,0
0,0.08960562435398223,0,0.07680816676275629,0,0.09427941525847086,0
0,0.07720964250688334,0,0.07470292865597328,0,0.1804558437124066,0
0,0.1213429204594354,0,0.10021860992133305,0,0.32420341984160617,0
0,0.021303432019354585,0,0.04597711993590445,0,0.09645918008724486,0
0,0.14665644078577966,0,0.1093803353327935,0,0.029952652681403243,0
1,0.26424224974713195,0,0.2778169712297696,0,0.2511486095277439,0
0,0.1513788090021253,0,0.13650377925143567,0,0.1771905710471643,0
0,-0.02751963111617539,0,0.02945805424081355,0,0.0,0
0,0.2841270060405807,0,0.31169467527943207,0,0.3009543620959388,0
0,0.28690065579833546,0,0.3128007918963738,0,0.22359799248353063,0
0,0.29559808145865407,0,0.3175362365952919,0,0.27619782310231905,0
0,0.19931724008239093,0,0.1694181335740383,0,0.1555564800074624,0
0,0.12191308008631851,0,0.08770125374642283,0,0.15398115919692004,0
1,0.26538534709341366,0,0.2373867663126827,0,0.2398107877593508,0
0,0.20770436070792941,0,0.17811195985407538,0,0.0865930850806724,0
0,0.0811231065825685,0,0.08103768256625928,0,0.12836493190175008,0
0,0.2676267598606463,0,0.26468981496857696,0,0.24501309343904487,0
0,0.06204078068309793,0,0.066815237495478,0,0.061863182440665604,0
0,0.19575821012993755,0,0.1766743163479969,0,0.15971289514541606,0
1,0.08839523166740815,0,0.061381544196767945,0,0.07008048373822666,0
0,0.3177643033511588,0,0.3150995012314512,0,0.11385411172754932,0
0,0.3204353188404264,0,0.3630627361189604,0,0.2236365598490256,0
0,0.053339751921168244,0,0.06244730638086521,0,0.028632696014020194,0
0,0.03497804312716446,0,0.051261394809695,0,0.09502816579115085,0
0,0.2748334811549461,0,0.2870235601578484,0,0.18943261496526792,0
0,0.019238407743378594,0,0.03757524344037529,0,0.0,0
0,0.08951145532321636,0,0.07844395897722606,0,0.0,0
0,0.16837277618502355,0,0.1489217719570086,0,0.1689526338351607,0
0,0.1995815864645787,0,0.16408475859321747,0,0.09491548174794526,0
0,0.18775407654528942,0,0.1512878580828217,0,0.2089849303163942,0
0,0.3925341568266749,0,0.4946415014878639,0,0.24382459722996103,0
0,0.1447858914028619,0,0.11439673781157694,0,0.09212227406396994,0
0,0.3070388826421676,0,0.327989063009294,0,0.18434786757095617,0
0,0.13139446092764084,0,0.09874725867952863,0,0.09206318836220793,0
0,0.16718251084944935,0,0.14946855855552155,0,0.1565959741601652,0
0,0.05140377748114433,0,0.06400685012712057,0,0.0637467013371436,0
0,0.21678754715276294,0,0.21614733139498632,0,0.16697748297622808,0
1,0.28259242590018196,0,0.320172449659425,0,0.1553377233654677,0
1,0.21729287911336503,0,0.21724055964704359,0,0.21378601948554446,0
0,0.2767515805064539,0,0.2500097780588493,0,0.06961822452612314,0
0,0.056779309564223945,0,0.05425704351871976,0,0.09925404269900147,0
0,0.04417229470110884,0,0.04810856523941785,0,0.027377153279119094,0
0,0.1378159567970959,0,0.09547135128538321,0,0.12692828055433333,0
0,0.15793567265541142,0,0.12989877809258615,0,0.030544805259477857,0
0,0.4132688916081786,0,0.5561449485594843,1,0.5162508845487721,1
0,0.09557987989325056,0,0.08486098270811208,0,0.11289150800001096,0
0,0.3845093143125875,0,0.4622950172486413,0,0.3367936555718493,0
0,0.5749405465270612,1,0.6471806618356413,1,0.5602106664096101,1
1,0.2584378114981465,0,0.18070739747150485,0,0.34339048499671687,0
0,0.17954313886810425,0,0.15905301997078816,0,0.19384276773968714,0
0,0.08881971899711749,0,0.07291382351789283,0,0.1219221711614363,0
0,0.16543292838845347,0,0.12398264664314679,0,0.19741230736457388,0
0,0.06184153641752288,0,0.06189985026801518,0,0.02949433899401244,0
0,0.18974262031306233,0,0.15179272240377623,0,0.11012540182623086,0
0,0.30611301125809587,0,0.355012971028199,0,0.22508116143038331,0
0,0.1847912261117436,0,0.16367346371710906,0,0.1993037427429459,0
0,0.23745387293376963,0,0.22616657483370797,0,0.1541713921729324,0
0,0.12657424517615523,0,0.10621285037696325,0,0.0896466597770886,0
0,0.16095994455547125,0,0.13559908501531995,0,0.13356794837122762,0
0,0.022166794154112157,0,0.039838914229631206,0,0.06520650646202483,0
1,0.3538534353992542,0,0.3512560615303122,0,0.233924944740637,0
1,0.08493011163534803,0,0.06647428731868017,0,0.0596015775064865,0
0,0.11865821463981696,0,0.10429814219535959,0,0.09774088745586376,0
0,0.15657837224155047,0,0.11246692288243988,0,0.06098067475992182,0
0,0.08286354617645064,0,0.06806051785244148,0,0.0,0
0,0.15281313975841526,0,0.12072791568896869,0,0.0,0
0,0.11837056706285265,0,0.08040795029001403,0,0.11990594871852085,0
0,0.1506988869355801,0,0.14348757823534966,0,0.2443292584429112,0
0,0.1691303769272905,0,0.1394717545612436,0,0.1645765440371257,0
0,0.18387361116305512,0,0.1564569494726427,0,0.20609079589086832,0
0,0.2107587720339732,0,0.19664106478477947,0,0.12771710401910863,0
0,0.09837091826637023,0,0.0811001765053471,0,0.029916179504160173,0
1,0.13406579843212663,0,0.11131417549131598,0,0.12564131244730753,0
0,0.04062435993854496,0,0.049731943940298375,0,0.10168617646374092,0
0,0.03608310676161075,0,0.05029487370826506,0,0.09859592492427019,0
0,0.038836425694844356,0,0.06072809346364291,0,0.06559982986616328,0
0,0.18899913546260627,0,0.1615127419992415,0,0.10261614712585897,0
0,0.08781792668920818,0,0.07716307526008633,0,0.06285382668135499,0
0,0.10138490285401147,0,0.07529116628757414,0,0.09430723731612502,0
0,0.20975695903186842,0,0.18578617913028894,0,0.1340468248745831,0
1,0.02539624505639604,0,0.03858206760374147,0,0.0,0
0,0.3021330227912069,0,0.260574854891849,0,0.4633086060349586,0
1,0.18019759334573515,0,0.13683938311747068,0,0.21875081303634655,0
0,0.013205669488933092,0,0.04320738784033208,0,0.10152429016003318,0
1,0.180605540672634,0,0.1619705060598213,0,0.22821389060171793,0
0,0.29486355278150833,0,0.2939223858386837,0,0.1603082329059564,0
0,0.02591405707255723,0,0.047230500533273996,0,0.08940683135884193,0
1,0.4540611125149032,0,0.6137279647309164,1,0.5974012700148479,1
0,0.05122510503709743,0,0.06689745671427802,0,0.11389457989021382,0
0,0.09147836353967886,0,0.07354344495831668,0,0.11999171747752066,0
0,-0.015340980383533154,0,0.030089414948225302,0,0.0,0
0,0.061035755933386726,0,0.06180413069789988,0,0.04198646524316849,0
0,0.09842817106436919,0,0.08772671088219523,0,0.12825190066478115,0
0,-0.03690110897918486,0,0.025267620500056633,0,0.029117051224545505,0
0,0.32584114160167665,0,0.3821867578040736,0,0.2938635058274017,0
0,-0.05700228482103864,0,0.0217436000867168,0,0.032656207083807225,0
1,0.1236010426542491,0,0.10028301342648463,0,0.07376072869118262,0
0,0.25979582200373674,0,0.24833790124758112,0,0.15592840158316013,0
0,0.0025383929156069795,0,0.03720151652093894,0,0.0659157728436154,0
0,0.04329223232402157,0,0.05548924586997992,0,0.14818338266818765,0
0,0.22608386659540802,0,0.20739707925712708,0,0.3066386763174175,0
0,0.06039618394427104,0,0.06811485107380494,0,0.03849714208125414,0
0,0.08618060052154974,0,0.08020254244953848,0,0.11262849951107218,0
0,0.20058950156134803,0,0.17641639606936993,0,0.05925406145865202,0
0,0.18128765784637413,0,0.1763615106444537,0,0.18650124714519078,0
0,0.11893258866604639,0,0.10533247145461208,0,0.0,0
0,0.008341966469354034,0,0.0387421849500215,0,0.03042680570286227,0
0,0.03873474024978929,0,0.045387310930973125,0,0.06683459868489598,0
1,0.23110634699555943,0,0.21072365736829024,0,0.10030160257150346,0
0,0.09112418221006369,0,0.07118405043590566,0,0.032393574318114966,0
0,0.1351405168381572,0,0.12211885716422376,0,0.2518294857775118,0
0,0.09669989791582423,0,0.07098335565111029,0,0.027922013689783524,0
1,0.010112105314570852,0,0.038894260606260174,0,0.03102678147104573,0
0,0.17482400066191073,0,0.13308463515341126,0,0.030762151128497426,0
0,-0.0022739038715866577,0,0.03656230521108923,0,0.033836091319972735,0
0,0.18937285366263967,0,0.17105273841725788,0,0.21841344465401172,0
1,0.1972280998442536,0,0.16953879290432938,0,0.06369278604091214,0
1,0.22573826054800605,0,0.20514822423555593,0,0.19394310043683255,0
0,0.07037347855474474,0,0.06986049460834078,0,0.06830259854245613,0
0,0.06318202766204506,0,0.05861350769652152,0,0.0,0
0,0.07287325376463072,0,0.0701251894863589,0,0.0,0
0,0.20990206086955243,0,0.20138167879830887,0,0.1498286177369114,0
0,-0.03506630081850537,0,0.026790045251028235,0,0.05777778157935069,0
0,0.1959998876805168,0,0.1691364121217835,0,0.12998987099175177,0
0,0.07166025897052442,0,0.06549248617559986,0,0.1228089966246503,0
0,0.01684282486985844,0,0.04154760373979247,0,0.06288715110270907,0
0,0.18055245988900137,0,0.14577331082491732,0,0.13072531999654424,0
0,0.35656920026524874,0,0.3641827904591698,0,0.23098921098638808,0
0,-0.08552225761525634,0,0.020143320006972738,0,0.0,0
0,0.32992168607566164,0,0.3634187227437232,0,0.510125904414459,1
0,0.273232242565846,0,0.23231235026171926,0,0.22382077123141755,0
0,0.07991009312075281,0,0.08407495601788448,0,0.15558377395449532,0
0,0.1833612246825539,0,0.1487664785509194,0,0.06037340776344302,0
1,0.09574529531588083,0,0.08951136878396895,0,0.09105852539608203,0
0,0.21835303581913212,0,0.2200740303851212,0,0.13164563599980225,0
0,0.4210800937084278,0,0.5952060765079219,1,0.2883626877384175,0
0,0.013908633166929363,0,0.04223338098358982,0,0.05273876862132003,0
0,0.28642084990371064,0,0.3088513025577418,0,0.09011366723636825,0
0,0.2914060316834969,0,0.309267326596863,0,0.31499030386067406,0
0,0.315554851434351,0,0.36382289742133866,0,0.18431507347588516,0
0,0.10791119875254918,0,0.08834806425145104,0,0.08703236798552993,0
0,-0.048636632306876204,0,0.02313490318616328,0,0.04396674029833063,0
0,0.08378192071817858,0,0.08921701638881462,0,0.032121600699795895,0
1,0.12927785753460663,0,0.08954409411182523,0,0.12656478812560415,0
0,0.14743189671787937,0,0.10573922814422539,0,0.15790517140630006,0
0,0.34046021945932115,0,0.36910051261836385,0,0.22072511063182074,0
0,-0.06423555733334418,0,0.019810361169317618,0,0.03452476885668791,0
0,0.08238854838536003,0,0.06470543046361157,0,0.06933190420610813,0
1,0.16911409176758474,0,0.1516353242192857,0,0.06583902023359509,0
0,0.05813595968341345,0,0.0590832608838185,0,0.0,0
0,0.14778466762007747,0,0.1353555679050891,0,0.12291354822877243,0
0,0.08958047891785637,0,0.06426860918003632,0,0.061608309990627934,0
0,0.012839891243180412,0,0.032750512369147985,0,0.03133702402593852,0
0,0.09153263513677135,0,0.07240585932644522,0,0.0680177157307318,0
0,0.19313152285708768,0,0.17436233266496498,0,0.15334723773510314,0
0,0.2157141051298953,0,0.19776117454006203,0,0.16548764659393808,0
0,0.10011093512057556,0,0.08616694813004518,0,0.10025414936449563,0
0,0.03454794963906138,0,0.05449807085207592,0,0.06196116473842035,0
0,0.1562979347819331,0,0.12755520222851172,0,0.06041313476264498,0
0,0.12462853507906668,0,0.1074124160119846,0,0.08576357603683629,0
0,0.047148184058432796,0,0.05647614692536117,0,0.10903707466528986,0
0,0.1903138215097171,0,0.16886001445757925,0,0.08823975552003106,0
0,-0.02292705751556323,0,0.02761439434765411,0,0.0,0
0,0.1035014601884846,0,0.08936008311320849,0,0.09348329082109753,0
0,0.018894032513543824,0,0.03877345467838876,0,0.0,0
0,0.08875869764943978,0,0.07566277741495958,0,0.06083462247351768,0
0,0.1596968330116526,0,0.12557877978109336,0,0.1272162271095803,0
0,0.09880864315204574,0,0.08945031366704136,0,0.2605097336897788,0
0,0.18665748011202044,0,0.14190583862468464,0,0.06037928513500909,0
0,0.18561074686529833,0,0.15523039501778405,0,0.13015155814232635,0
1,0.22086356564868703,0,0.1861930863391005,0,0.23596683283405803,0
0,0.2533790831167003,0,0.24502490287288234,0,0.13111917020402783,0
0,0.2720399216074215,0,0.2557422818404091,0,0.4000171125976663,0
0,0.12689648025024858,0,0.09839165629357377,0,0.10577252362469161,0
0,0.038496204433580705,0,0.05559299256254385,0,0.11881808651854028,0
0,0.07461802161856546,0,0.07516295997264404,0,0.02930289290610076,0
0,0.12779919078506152,0,0.10237901023156719,0,0.06670102116207254,0
1,0.19919405658093048,0,0.18793165581953553,0,0.15767490501952722,0
0,0.029041523018729865,0,0.04735519112569126,0,0.07733238783794873,0
1,0.19485198602471376,0,0.16694454569140746,0,0.09519352870935022,0
1,0.13696841437200757,0,0.11067291167376435,0,0.1465109864770731,0
0,-0.006007763544812583,0,0.03321177281019058,0,0.09228802065553461,0
0,0.013499906361615022,0,0.03630703410441144,0,0.03146304461203417,0
0,0.28905149991096746,0,0.2724290417792648,0,0.22228409289424791,0
0,0.1174165829168391,0,0.09294566459413671,0,0.05793569200288828,0
0,0.2502115511976697,0,0.24308052174962697,0,0.24011342421634188,0
0,0.1069211136316538,0,0.08049751969757302,0,0.08995781655818473,0
1,0.26301795062734645,0,0.25200386341816744,0,0.24924790831103055,0
0,0.07241802966389665,0,0.06292039406827893,0,0.029980779789902202,0
0,0.19743430140845153,0,0.13076215564338525,0,0.19827958788688863,0
1,0.5878526808552298,1,0.6436630443184935,1,0.4423164490567567,0
0,0.06733250294929216,0,0.06211489123990448,0,0.037081302104908606,0
0,0.30594210137649425,0,0.2747029902601583,0,0.22726843366387456,0
0,0.22816131321348254,0,0.2218400084042194,0,0.12420528938852915,0
0,0.19837206966968424,0,0.1514005025852278,0,0.02833747387702995,0
1,0.1432483243835645,0,0.12078432716027476,0,0.09716059240742862,0
0,0.030069309454405335,0,0.051890275060152785,0,0.11795716537074388,0
0,0.13140797109556268,0,0.0950972983440941,0,0.11960442827437924,0
1,0.07046400109086859,0,0.08078354758820655,0,0.09638970041521064,0
0,0.055249037027853,0,0.06177497717545597,0,0.06243102327634208,0
0,0.07271619466563739,0,0.06347953012048387,0,0.12253765476802081,0
0,0.14664994212925353,0,0.11141657694401694,0,0.05252566063466585,0
1,0.09288891950800604,0,0.0821806645532379,0,0.1091105543045706,0
0,0.290820847631158,0,0.2832457716670583,0,0.2673794022648187,0
0,0.0867924436504095,0,0.08039977100501068,0,0.12080246277602048,0
0,0.02356766653075759,0,0.04816686376023736,0,0.09025596289920668,0
0,0.15092355727674966,0,0.12797879847216176,0,0.061304969357254706,0
0,-0.05399325903532337,0,0.025615146639974978,0,0.07182809935684271,0
0,0.10391976326195085,0,0.08434270736710929,0,0.09988002709320086,0
0,0.2492597757527597,0,0.26077935366158467,0,0.20901102619649375,0
0,-0.02110472622491233,0,0.028809845116881973,0,0.029957917322574114,0
0,0.2052848733680943,0,0.18247548378284534,0,0.2192961382403041,0
0,0.17623612222832774,0,0.145124190794329,0,0.2255452268178609,0
0,0.127521082442963,0,0.09519579499516934,0,0.09162444228887695,0
0,0.00043494843038593967,0,0.03559440013274669,0,0.0,0
0,0.1828871730856212,0,0.17906127624465973,0,0.09755508554167852,0
0,0.2203732078550883,0,0.2086691428758339,0,0.09495543357125931,0
0,0.11594867995874414,0,0.102835593494055,0,0.09337400888551661,0
0,0.16591252939387846,0,0.16044113181682573,0,0.23613999176285186,0
0,-0.01168763129061523,0,0.030739277911521524,0,0.07196610164912516,0
0,0.19787005670639934,0,0.1750972785057371,0,0.12313803255997884,0
0,0.41178217612603807,0,0.48786774507645475,0,0.2910908179864822,0
0,0.12695430771601623,0,0.09704300366759243,0,0.029446174334625513,0
0,0.005440885997625156,0,0.036161522490936356,0,0.03064138076196357,0
0,0.14055124151573772,0,0.12156045300715032,0,0.09158845091346145,0
0,0.10512168923126408,0,0.08174761527843488,0,0.03333475471436412,0
0,0.3999346814066267,0,0.43299061472422345,0,0.23676348135753444,0
0,0.29336684182782624,0,0.30419138338765245,0,0.215743829369136,0
0,-0.02480335504329323,0,0.024915295935139564,0,0.0,0
0,0.030873225714162844,0,0.048801284353840235,0,0.09693703175981914,0
0,0.12612730228838243,0,0.11059162779514366,0,0.09136510912352806,0
0,0.05026230831332612,0,0.04874949459707233,0,0.07211619753998792,0
1,0.23477069542252016,0,0.23598848958880192,0,0.0627053636812659,0
0,0.385762634025963,0,0.46862240348823725,0,0.41743301288560875,0
0,0.19253186537083367,0,0.18316614938261427,0,0.2468776995105282,0
0,0.0770069431196343,0,0.07305586984871251,0,0.13992881490993908,0
0,0.1537486350206727,0,0.1254129705049899,0,0.06250949764841944,0
1,-0.0011062024700448925,0,0.0400615127811593,0,0.05810154874196541,0
0,0.22316097844540184,0,0.2293235354220236,0,0.2527372350828976,0
1,0.15859957279849057,0,0.13317448708294033,0,0.13028333178694274,0
0,0.01128416438124269,0,0.039822578959498,0,0.06142845669929911,0
0,0.2836189463860461,0,0.24527101128249057,0,0.21810778253058627,0
0,0.15322393763388453,0,0.1183234433018267,0,0.260632904770184,0
0,0.2030208755995676,0,0.18250466727912867,0,0.15995211266151754,0
0,0.056402648604069405,0,0.052788174623657036,0,0.028280002644539746,0
1,0.26714764221094367,0,0.27575462333968387,0,0.16539256738061392,0
1,0.283227932100789,0,0.31247186649488734,0,0.28971724980810454,0
0,-0.047022158012638204,0,0.027099825316962776,0,0.0315839827574536,0
0,0.24357479891622158,0,0.22129606513047476,0,0.1294113010596714,0
0,-0.04441541541110461,0,0.02566446661465867,0,0.0,0
0,0.03641835587680009,0,0.0532881097576203,0,0.02971939641334031,0
0,0.019170503528739613,0,0.03924583404724173,0,0.0639999680398384,0
0,0.07013005570374853,0,0.06309582403359115,0,0.12136023328850681,0
0,0.05137250524614778,0,0.06633798498527428,0,0.030887865697498577,0
0,0.07771143641526501,0,0.06721655147336135,0,0.12661084158629252,0
0,0.11931170209001374,0,0.10592705784734602,0,0.0986371954227534,0
0,0.03359405727186737,0,0.05128709749393505,0,0.0988957794865622,0
0,0.23799519895360843,0,0.23221972581099729,0,0.15430560603089624,0
0,0.04222068732110229,0,0.04926033686647025,0,0.03091209249014033,0
0,0.20976441590539752,0,0.20811999895301275,0,0.178557046119195,0
0,0.2802442414515104,0,0.2738262517053805,0,0.23149044081966072,0
0,0.16488086453316197,0,0.14418899084656034,0,0.09441611084261647,0
0,0.18296670389993597,0,0.16589673636508248,0,0.09562960529993499,0
0,0.08995681174388226,0,0.08035450542488812,0,0.1243417056080013,0
0,-0.03297834652547804,0,0.02973315743298283,0,0.0,0
1,0.1979664609484595,0,0.1795798920454176,0,0.24589852245908353,0
0,0.23125045624916452,0,0.2252251166879809,0,0.11683279761094678,0
0,0.23506307633840262,0,0.2351287458247929,0,0.19290454635142185,0
0,0.306154071599943,0,0.314597218259701,0,0.20647108479428045,0
0,-0.0012177160815027843,0,0.036824582939988894,0,0.028008199861285655,0
0,0.1495531435624179,0,0.13050786222851007,0,0.13116494310933197,0
0,-0.03413082404565837,0,0.029040902689994635,0,0.060909126458996585,0
1,0.2609290621097333,0,0.29402509835176555,0,0.06314140370029792,0
0,0.20758946154652802,0,0.1735260347817835,0,0.26441911907845334,0
0,0.14907888800730817,0,0.13090248453862446,0,0.1744493525300602,0
0,0.33884392752800474,0,0.36013749307393633,0,0.2878757066501322,0
0,0.27394469258021037,0,0.2555630517850419,0,0.22515058368649873,0
0,0.10490888222738637,0,0.08524431691551515,0,0.17265199107270482,0
0,-0.0340007363366811,0,0.027777502151716177,0,0.07074606550228545,0
0,0.09861185540227113,0,0.07943449489404619,0,0.1776561457752701,0
0,0.006004404195190993,0,0.03759637542497904,0,0.04474347441680703,0
0,0.10295502736522832,0,0.08964110873165243,0,0.030849551523369163,0
0,0.23285651174699973,0,0.21925075520059728,0,0.07586443266784525,0
1,0.1731757627409911,0,0.1534955414575364,0,0.20010528559140892,0
0,0.11995194602949477,0,0.0925660478718845,0,0.10724890191049723,0
1,0.18200946595152834,0,0.16188742645402482,0,0.26440737198800224,0
0,0.1013507138634292,0,0.08785388608436258,0,0.15419149149107497,0
0,0.33428599069876475,0,0.39702900381111883,0,0.26617897297222837,0
0,-0.016855025038070903,0,0.028681094787422753,0,0.0,0
0,0.09515529535883127,0,0.07516483100501721,0,0.08344267837712598,0
0,0.0841989392489878,0,0.06314174228137048,0,0.03200170364265174,0
0,-0.06726713949523344,0,0.020480752478951803,0,0.0,0
0,0.17479650176210404,0,0.14122471581099502,0,0.14592089560787372,0
1,0.3306703954366679,0,0.3331285086819787,0,0.2433202263253559,0
0,0.22288446631056513,0,0.1742758217827808,0,0.09716379775599127,0
0,0.06697186781874742,0,0.06008513406631096,0,0.029333765700058925,0
0,0.03976549619133063,0,0.05013322691313327,0,0.0886447692763531,0
1,0.25876856038411633,0,0.2472369898442852,0,0.17897901362795998,0
1,-0.09831634808538481,0,0.01581596007134406,0,0.029119119190068234,0
0,0.15959326278656816,0,0.14358525362298116,0,0.1916212148275816,0
0,0.22107049192866635,0,0.20579165543480238,0,0.16305846959925976,0
0,0.16500162940357033,0,0.15000075210245012,0,0.14738298598029617,0
0,0.2075473148431013,0,0.19348666331065448,0,0.3174409518441859,0
0,-0.0007731040760952101,0,0.034486211970993046,0,0.10529186742211903,0
0,0.20946461094291813,0,0.19368186277603147,0,0.1869158967675555,0
0,0.0011582201416591165,0,0.035255822501382046,0,0.035595649443765545,0
0,0.13460857851714692,0,0.10853814312699384,0,0.07629627744961609,0
0,0.28887604871744565,0,0.2944728144684038,0,0.3596351788591288,0
1,0.5585036432822259,1,0.5383311255062446,1,0.3616627210707704,0
0,0.09355453863062357,0,0.0838408446916193,0,0.10535091375079765,0
0,-0.033816233374557414,0,0.0262962975569642,0,0.05725510522272992,0
0,0.2266408984467141,0,0.2067775734099963,0,0.09263618662547601,0
0,0.06087472535654348,0,0.06467113295684293,0,0.03584236685361821,0
0,0.03609223551296159,0,0.04769492547218642,0,0.06820673823728042,0
0,0.14653320959194926,0,0.11636651412856484,0,0.08661745866718934,0
0,0.13443938422587576,0,0.11622155161849167,0,0.03748880308662925,0
0,0.2807718048999259,0,0.30667060023129,0,0.18163268211447875,0
0,0.0011984226435070022,0,0.03956124478849205,0,0.18171425749344636,0
1,0.10984395013376058,0,0.09540615617527957,0,0.061428347811596666,0
0,-0.09043204155649298,0,0.016180525229000153,0,0.0,0
0,0.06829592195330525,0,0.06844166885790476,0,0.1015403592894855,0
0,0.08414113399030665,0,0.07701541591035874,0,0.0,0
0,0.30539541006211046,0,0.3054094676733826,0,0.35058318652391407,0
0,0.17616863896266344,0,0.1275385259553319,0,0.15056773910272384,0
0,0.10026841760697514,0,0.08310183882088987,0,0.09433170008717481,0
1,0.08226423599820443,0,0.07892599638522489,0,0.12321838873204247,0
0,0.09934190425002165,0,0.08102052239771372,0,0.03308994028003043,0
0,-0.04294492656597626,0,0.025420711930999013,0,0.0,0
0,-0.030649822266219928,0,0.02609087815055832,0,0.06238031987500641,0
0,0.08210940363715946,0,0.07564673430777319,0,0.0,0
0,0.2610024631543728,0,0.25672582863568566,0,0.18586516509894155,0
0,0.11672355569934412,0,0.11363245703531348,0,0.058855554339628885,0
0,0.20575386403876816,0,0.17357955559376392,0,0.15729743343466285,0
0,0.018038279261266554,0,0.04535583605646182,0,0.08784664341375573,0
0,0.25424770423205145,0,0.22959951073201892,0,0.225418620702172,0
0,0.08153759421181284,0,0.07872686753323728,0,0.09989390585870084,0
0,0.21810405336423555,0,0.21512682504590822,0,0.1379329115582288,0
0,0.10704198963161193,0,0.08482825636539709,0,0.11540024025705874,0
0,0.048588812147147276,0,0.06004417637864217,0,0.06915848830411177,0
0,0.37733656344745725,0,0.4135993077329971,0,0.25118252653230855,0
1,0.3602052693972849,0,0.45049386124454976,0,0.3276451883479278,0
0,0.0774971257944771,0,0.07635996891761475,0,0.13484062533645833,0
0,0.11456674648555654,0,0.0930808379801556,0,0.09592600354042077,0
0,0.06479120879639721,0,0.07504406983779616,0,0.06175198471849195,0
0,0.2459584044530848,0,0.2553337793707185,0,0.16482625294128744,0
0,0.057037321335579816,0,0.06188367130132619,0,0.0558894940356435,0
1,0.269434895719427,0,0.26550598734845016,0,0.1637856887415926,0
1,0.15576980507527227,0,0.12497071079718929,0,0.20545741418416116,0
0,0.10795514933842498,0,0.08686418651189923,0,0.17633312891997377,0
0,0.19151115200975022,0,0.171120633308754,0,0.1545887520679643,0
1,0.29638454664876857,0,0.34224884454595356,0,0.29949736460784354,0
0,0.20269471470161005,0,0.1734155268454984,0,0.1530250864916144,0
1,0.2963503600131179,0,0.33484806078982887,0,0.22305510186307353,0
1,0.13659538519701453,0,0.10928874690399462,0,0.11868639815654762,0
0,0.10214871577284002,0,0.08434505297367928,0,0.029509442670648322,0
0,0.02656343725199284,0,0.03966943614025742,0,0.04054889718662657,0
0,0.06454602937029941,0,0.06482918600779972,0,0.0886705673168366,0
0,0.15026872526731094,0,0.11188264592610389,0,0.12074486586884811,0
1,0.2631960356472298,0,0.24947836698641562,0,0.23888971107292284,0
0,0.13948517003987437,0,0.10034977206360482,0,0.16004688597072433,0
0,-0.03560934552534589,0,0.027193157237568853,0,0.07615470021525372,0
0,0.16726911329114968,0,0.1336669848636788,0,0.1235354820506918,0
0,0.12266582563598805,0,0.09554379095409382,0,0.15810399858512572,0
0,0.1842859333843021,0,0.1546839544283498,0,0.20595170357692402,0
0,0.13239118556373686,0,0.10497364603799317,0,0.12563941494889835,0
0,0.20643270028620786,0,0.18204657579486416,0,0.3009909450469869,0
1,0.2869051279176723,0,0.3038733902193388,0,0.3720184603607498,0
0,0.16550455453762636,0,0.14428229688442762,0,0.16555469493861022,0
0,0.17623667670849896,0,0.12248185914198544,0,0.18953793413706274,0
0,0.24556087662722603,0,0.23334420350888954,0,0.1580883252555656,0
0,0.17622024358610922,0,0.14284585993418408,0,0.1010359265911204,0
0,0.13856844722491557,0,0.10108149111875286,0,0.09602056706154442,0
1,0.09128095447376039,0,0.0896110031995046,0,0.06262120477752035,0
0,0.12990594253622245,0,0.10770451403376033,0,0.09602296042493856,0
0,0.13208240069430732,0,0.11389632960356996,0,0.12042871919112035,0
0,0.21100020675300135,0,0.17967716132262,0,0.15936901013894925,0
1,0.18781037313963922,0,0.16190844985524075,0,0.05948905366860339,0
0,0.1599458871324252,0,0.14904346696444898,0,0.13191766032915206,0
0,0.06176934134938028,0,0.064685370042055,0,0.03219715934527665,0
1,0.13088676744954142,0,0.11022185053413859,0,0.22026956525581715,0
1,0.16365459897711476,0,0.12967079913842858,0,0.029776023027453837,0
1,0.3358528673828214,0,0.3750791565575195,0,0.19046237215809428,0
1,0.21122903056121078,0,0.18427095655058578,0,0.18520692032677372,0
0,0.019800330621346562,0,0.045855322130579766,0,0.05632030652266591,0
0,0.03021139759076541,0,0.04356179185503151,0,0.028892963620415865,0
0,0.009956094649059666,0,0.042971791017330285,0,0.0,0
0,0.10852041193624717,0,0.07733749898765699,0,0.12490880471325969,0
0,0.13581858135943414,0,0.1062296138140267,0,0.09407597149696553,0
0,-0.007744898909578413,0,0.03191843795243113,0,0.025692464253657548,0
0,0.03165984129584465,0,0.04669941787720965,0,0.1302597087321639,0
0,0.230267158076345,0,0.21605782500003076,0,0.15882942031136646,0
1,0.10426428439524749,0,0.09599831219323889,0,0.12145058307899151,0
0,0.13917937585821172,0,0.11981926062790813,0,0.16159134208257206,0
0,0.17239267219645804,0,0.16081629424605637,0,0.10276576676958572,0
0,0.0062698822339328775,0,0.038328560249237094,0,0.027829295385822368,0
0,0.11927593136846881,0,0.08653809361142088,0,0.10670230607152055,0
0,0.20649952512415026,0,0.17905834953373206,0,0.13488738863310726,0
0,0.08320679925178753,0,0.06547994158931937,0,0.06766232191735332,0
1,0.1185423650013746,0,0.10154405557295106,0,0.14924442625535833,0
0,0.023180780812060986,0,0.04010181683961259,0,0.0,0
0,0.007861806265852422,0,0.037227135292717525,0,0.027563017235288815,0
0,0.2891032506468678,0,0.259860417724521,0,0.1349922262259587,0
0,0.05699153756484199,0,0.0626047698802123,0,0.07041747532144683,0
0,0.21969228048296996,0,0.19076215914175274,0,0.162775354598809,0
0,0.06186832377171858,0,0.060055284220039834,0,0.06449971886786575,0
0,0.23438147116114905,0,0.24349662862470817,0,0.2929570697364539,0
1,0.3086537201512257,0,0.3524543619168743,0,0.18802181080704755,0
1,0.12665323607376022,0,0.0963089685673834,0,0.09071357408967588,0
0,0.09083198303965556,0,0.07682643715238151,0,0.09508072696889498,0
0,0.19023741684840578,0,0.15311147481067064,0,0.029981098468951587,0
1,0.4716698377742201,0,0.5237602285376909,1,0.4736545219578691,0
0,0.07493036707431933,0,0.06494748887660816,0,0.0944025853377951,0
0,0.03721472168706019,0,0.04621346811270445,0,0.030780751130805115,0
0,0.033783961631702164,0,0.04402702040807145,0,0.0,0
0,0.051596564480513196,0,0.05669790194231234,0,0.06503231447159856,0
0,0.22265247305364477,0,0.17787120919617105,0,0.1577233895045796,0
0,0.0131789503838744,0,0.04133336308261283,0,0.0,0
0,0.1440413196994007,0,0.1151905818028099,0,0.09683912971857805,0
0,0.47713417804478353,0,0.5563141150667428,1,0.4785669665221109,0
0,0.1314914612527176,0,0.0930080491963397,0,0.033189520899870914,0
0,0.05899523318448896,0,0.05311980802383553,0,0.06230323562679282,0
0,0.09387679558157314,0,0.07463153074878064,0,0.12765139789601004,0
0,0.28531162396408183,0,0.29913395597230175,0,0.2560372933375888,0
0,0.0926702923836179,0,0.07496751307848486,0,0.16584498263726896,0
0,0.1894424694674367,0,0.14584652090122596,0,0.1298947831816016,0
0,0.24102497184382798,0,0.2379029651312041,0,0.19174087911143922,0
1,0.1927716339501162,0,0.11403739212458308,0,0.0977959460066874,0
0,-0.011371533273578094,0,0.03290762645492173,0,0.06791524174454926,0
0,0.12255569009620892,0,0.11209064372458583,0,0.11789225759202553,0
0,0.06863824557947051,0,0.06580708515365465,0,0.03090622198532368,0
0,0.12124362216183648,0,0.11031754737719433,0,0.06653394005118267,0
0,0.14906953316956328,0,0.12612434551761584,0,0.14362991129557587,0
0,0.10657517941049754,0,0.09216514047069105,0,0.08851984493416465,0
0,0.17177748279936134,0,0.15777900150860244,0,0.08826755958797017,0
1,0.520267112309778,1,0.6596272145331578,1,0.36053703137765264,0
0,0.1457172225213743,0,0.12299586924435166,0,0.12110216483761264,0
0,0.11627304986715847,0,0.09375248338188878,0,0.030151774294775537,0
0,0.5217756541196688,1,0.4731973693253285,0,0.1884980059280241,0
0,0.0011939138917380632,0,0.03901718839140439,0,0.09700203952023659,0
0,0.13444557932889212,0,0.11593199839535483,0,0.059785169895420945,0
1,0.13171903575471078,0,0.11356077735191802,0,0.043381242352264905,0
0,0.10016358461615538,0,0.07936141003611005,0,0.027648767104151907,0
0,0.13988015487871075,0,0.10898471006397141,0,0.1368007552731204,0
0,-0.0006378017504198308,0,0.03736192416892211,0,0.08370825205112564,0
1,0.3146064786576638,0,0.3364570967879449,0,0.27192848370842,0
0,0.16524237831351085,0,0.14027126804460135,0,0.21721245836519285,0
0,0.04593100299580666,0,0.04902558400062822,0,0.028424482138744506,0
0,0.4001537556574579,0,0.48439883084539986,0,0.45215894285192404,0
0,0.0783419147402532,0,0.06649052899563972,0,0.04185276681881658,0
0,0.08603970212302181,0,0.08621983390752735,0,0.18738100775390293,0
0,0.15170831467267787,0,0.15112385379580853,0,0.09774284748090095,0
0,0.14924042458861275,0,0.12920635328995522,0,0.0,0
0,0.3789213795899019,0,0.4970134004589566,0,0.28685997950085207,0
0,0.02284571338512653,0,0.045643255478359984,0,0.08866491661304145,0
0,0.16324095184857268,0,0.14447965437660265,0,0.17588370393209615,0
1,0.1254093361569656,0,0.11178222460476195,0,0.1596394484575698,0
0,-0.010813595770748474,0,0.035325656590450095,0,0.06082738711690216,0
1,0.15426937472691649,0,0.1360947825645275,0,0.13050527764986736,0
0,-0.024541282904492312,0,0.029989158284767437,0,0.06590949934907162,0
0,0.13773638239915897,0,0.11817944663214561,0,0.11262136006230467,0
0,0.19535985834058756,0,0.15095940512155764,0,0.12376159945674178,0
0,0.2186662076790814,0,0.18467568303380863,0,0.19996618811373013,0
0,0.06942465255530161,0,0.062062725896662854,0,0.03802172040028094,0
1,0.12844829524244994,0,0.11319958900592701,0,0.12390133995567333,0
0,0.33870039231479654,0,0.39936265171297847,0,0.2355767174834986,0
0,0.2171091613314955,0,0.17342314347832186,0,0.20656852876410087,0
0,0.25996704974533336,0,0.23255401208256815,0,0.21317633038073877,0
1,0.3011230202873981,0,0.3421773610517536,0,0.20869669453361905,0
0,0.09867270466311928,0,0.08856344774340802,0,0.06403587203331018,0
0,0.13343208556672348,0,0.1086935072201901,0,0.09302412505819724,0
0,0.12780664298100142,0,0.08909879151608006,0,0.030459331936574616,0
0,0.031431799759028545,0,0.04464965327512683,0,0.08672051488656767,0
1,0.20284857093421582,0,0.1674129577037953,0,0.09250676120138737,0
0,-0.02182069105727802,0,0.02721753242396016,0,0.0,0
0,0.12765341530066276,0,0.11267920341551796,0,0.16893090738764388,0
1,0.13865506644029746,0,0.09739046356448024,0,0.08367037906942341,0
0,0.08636474586243659,0,0.08327203810411461,0,0.0,0
0,0.08363820372320863,0,0.06270905628632396,0,0.0,0
1,0.17788674958131023,0,0.13304984977062587,0,0.16451010635443575,0
0,0.2933820551910542,0,0.3126930301284856,0,0.14217730889397603,0
1,0.18685615431621516,0,0.18683147923889848,0,0.13800785855610137,0
1,0.13639801633953108,0,0.11103279020307458,0,0.0,0
1,0.10577847526561934,0,0.0993819445447345,0,0.14699161929927265,0
0,0.2181606849559704,0,0.17603223270701437,0,0.22808813713249687,0
0,0.2804133440123453,0,0.309196534192283,0,0.30493180603778147,0
0,0.24621782879382703,0,0.23180918685074353,0,0.09306502487581422,0
0,0.009712079162845777,0,0.03992719429638044,0,0.09137157289156701,0
0,0.1436747548319287,0,0.10760416842544668,0,0.1309146238765731,0
0,0.0685944681842301,0,0.0699966499247239,0,0.06370873470013512,0
1,0.34466354483388384,0,0.39564735304512494,0,0.31262798476501846,0
0,-0.0612185738317812,0,0.021296745404889277,0,0.0358992250344695,0
1,0.14098188919603438,0,0.12426707893696826,0,0.20212431440144787,0
0,-0.07754741528444697,0,0.019034398665099362,0,0.04437952837437874,0
0,0.1309457146309838,0,0.1133248731341089,0,0.14498517530180358,0
0,0.18099336263859922,0,0.14291040761224424,0,0.09103619415946193,0
0,-0.011735159693688657,0,0.030702482836576932,0,0.028996199099963798,0
0,-0.03126773791650106,0,0.02830498704191045,0,0.028917179997311818,0
0,0.09425320330047504,0,0.07887135172087104,0,0.06436125132718831,0
0,0.2656766515507336,0,0.25373666179353216,0,0.26442011642827357,0
0,0.07680439267805972,0,0.06083213719086011,0,0.10973528794587456,0
0,0.014673337984566603,0,0.0349897708526215,0,0.03948020902596623,0
0,0.00034954280892607326,0,0.035924813213948796,0,0.05893685436046907,0
0,0.06108832770051231,0,0.07167482218966681,0,0.18216711973394387,0
0,0.1130280183516098,0,0.09524332277252617,0,0.18751969863594173,0
1,0.26023305400942465,0,0.2531205320298648,0,0.13866787727491361,0
0,0.06375757481840227,0,0.06265697655760447,0,0.05892328174058488,0
0,0.08331533217139364,0,0.05291070580659215,0,0.03285550576587253,0
1,0.24839912554670318,0,0.2517498412835738,0,0.1897243173393761,0
0,0.11556279210235143,0,0.10159975793240675,0,0.09597763327244017,0
0,0.3166867823858771,0,0.33286305097229935,0,0.334603912441015,0
0,0.051450461264117675,0,0.05054020373193742,0,0.12898296399015718,0
0,0.13231004293112258,0,0.11629420791022345,0,0.11937933599388303,0
0,0.1558868064879878,0,0.13410198187627623,0,0.19760496524811774,0
1,0.2081328816743162,0,0.1925811524142138,0,0.1445061196990992,0
1,0.4388061644712462,0,0.4399449157709659,0,0.22087345988989251,0
0,0.03032065585365007,0,0.056479487209458196,0,0.09051988452319783,0
0,0.22122285322697643,0,0.18762135241052652,0,0.11600599321038128,0
0,0.003731440368367478,0,0.03347715175959386,0,0.0,0
0,-0.06514888837009736,0,0.019621382999184433,0,0.0,0
0,0.12956111636169587,0,0.09829473401186112,0,0.13104306054358536,0
0,0.10630897540352158,0,0.09620410719397675,0,0.15325264453256565,0
0,0.26623699737572715,0,0.2574823262718844,0,0.193817350254388,0
1,0.2951051085194919,0,0.29593897044201556,0,0.24874709629946007,0
0,0.05832377323290017,0,0.05444022984657764,0,0.02706671236987135,0
0,0.3096605440022282,0,0.3496981930230275,0,0.13355301503317224,0
0,0.21814822551153934,0,0.20508747399465196,0,0.1645767509395023,0
0,0.1391271362865949,0,0.1315969876595654,0,0.0637733642434381,0
0,-0.056374061100159634,0,0.02218101303687318,0,0.0,0
0,0.08216890293686241,0,0.06744743977126906,0,0.09359683355578759,0
0,0.15043102059242552,0,0.13022341889189026,0,0.2471694446714515,0
1,0.4635587520409452,0,0.47817947321284276,0,0.46401302963255514,0
0,0.1077665965994925,0,0.08564447361982869,0,0.15104644979818097,0
0,0.13206953482875594,0,0.10272121641119747,0,0.23691973177612172,0
0,0.21372238554426715,0,0.1962572824510686,0,0.16635836200105095,0
1,0.20713332343695712,0,0.18929963198760286,0,0.18994127046084652,0
0,0.39692308479151883,0,0.46331430032454185,0,0.24514530842259893,0
0,0.0012372255172555802,0,0.038328234884921625,0,0.0639992958010607,0
1,0.4284300396575187,0,0.5501150453199839,1,0.5266652431720095,1
0,0.14854272984285244,0,0.1498148588207086,0,0.16123211588718506,0
0,-0.08632314436045474,0,0.017570584911680363,0,0.06840056934081952,0
0,0.3634682447111982,0,0.48932868601818813,0,0.25248409552742973,0
0,0.2663907858905674,0,0.24906432602927442,0,0.2642681582333003,0
1,0.17832315783246733,0,0.1435666363569975,0,0.13047969001226561,0
0,0.23921695620498296,0,0.23077764257260153,0,0.18528489998340988,0
0,0.037211276520050074,0,0.049248338013357484,0,0.15539831347271157,0
1,0.19707492151068262,0,0.17535254279773424,0,0.1556696521437722,0
1,0.22197676245603448,0,0.19973553438440494,0,0.061737451856956414,0
0,0.0014629195583768517,0,0.03986108173179501,0,0.060588342638675075,0
0,0.2507608212310237,0,0.24011385370722318,0,0.3344415104074729,0
0,0.09536184156859873,0,0.07997222650648951,0,0.14727818252138544,0
0,0.1442364366784321,0,0.13240729016071837,0,0.2515187439634066,0
0,0.23830751737784805,0,0.20136826864363622,0,0.06405726023432826,0
0,0.2412922905635011,0,0.22098353637790133,0,0.1902948036024565,0
0,0.13817375806506738,0,0.12169653679402354,0,0.0996035503316648,0
0,0.07909578737396872,0,0.06795639983104185,0,0.028268032336631933,0
0,0.1073942871584137,0,0.08591883021771203,0,0.02814603263145926,0
1,0.11311375962892012,0,0.09327460969772909,0,0.17648806507945108,0
0,0.16332278921736199,0,0.15217389559933353,0,0.12406694931707554,0
0,0.06726230707157566,0,0.06253794060804722,0,0.12684970796511452,0
1,0.032250396632019784,0,0.045045988852388225,0,0.09602835726194396,0
1,0.28555077961375885,0,0.2742251355295821,0,0.15772093705075357,0
1,0.15910729786215494,0,0.14146879546651467,0,0.05767885565981451,0
0,0.09129667885867676,0,0.0713846904721889,0,0.060912169480640314,0
0,0.201825867975295,0,0.1478924664012905,0,0.19386203620729647,0
0,0.1816548364734134,0,0.18167725960220124,0,0.24054545959718476,0
1,0.24086527681851133,0,0.2114019578252892,0,0.17532571165026595,0
0,0.22716519887318187,0,0.22791345480248681,0,0.15400089419960905,0
0,0.11592355305971391,0,0.08107270753645043,0,0.14662088739252846,0
0,0.1590172845567377,0,0.13938778961503498,0,0.09621377205520958,0
0,0.1667739583172917,0,0.14627188258812804,0,0.2584192788782314,0
0,0.4498065222691514,0,0.6110041324130352,1,0.48364039306857143,0
0,0.19219859061428313,0,0.15573135328515003,0,0.1579011750162486,0
0,0.06478141964493789,0,0.0731198663841627,0,0.06551503069656059,0
0,0.13620203774264672,0,0.1224420349796221,0,0.1607780992689367,0
0,0.050053248360920066,0,0.05244649940984979,0,0.06225329066245176,0
0,0.08266695208438724,0,0.07570272836146166,0,0.1081888008931529,0
0,-0.03352658757737148,0,0.030065724322052265,0,0.07626965125858962,0
0,0.08890835781944384,0,0.07458245111905959,0,0.09701571032195987,0
0,0.38764255458185914,0,0.456975219343304,0,0.38990697144456626,0
0,0.0953462572379915,0,0.07882269710467328,0,0.02893727403015721,0
1,0.3040641677709577,0,0.3224357136677655,0,0.09055266275184727,0
0,0.3349416392126514,0,0.34261288275886576,0,0.3529848853970214,0
0,0.029278834200606396,0,0.0467752480013693,0,0.029907633502730086,0
0,0.2793326904941048,0,0.2632228858397169,0,0.22135443922254686,0
0,0.07711038773841916,0,0.06595005207766945,0,0.1102545166067486,0
1,0.11519886506448396,0,0.09925346424819408,0,0.06270468344505367,0
1,0.48011848169123295,0,0.5428206423014653,1,0.3242656224429555,0
0,0.11530623570274545,0,0.10223821770897346,0,0.15731156027223436,0
0,0.10741034106885816,0,0.09847092683557507,0,0.16892397389286473,0
0,0.22941442819070812,0,0.19318459190359644,0,0.18993946282696023,0
0,-0.029902868100568525,0,0.02856089161539729,0,0.030636188568406213,0
0,0.2153410314442673,0,0.18659681555515742,0,0.1522422899738456,0
0,0.13184957516151785,0,0.09888524430923108,0,0.06492739087208786,0
0,0.48242064581147637,0,0.5982320245673918,1,0.44364886421028216,0
0,0.2132139431241178,0,0.1834597133074255,0,0.24800926524763087,0
0,0.3750760441018517,0,0.27188769822840586,0,0.22886183168227925,0
0,0.21601518464507452,0,0.16686477990209236,0,0.362992226649076,0
0,0.27314662853245375,0,0.29867320685314264,0,0.2647096111604418,0
0,0.04408466416991952,0,0.04940988794701811,0,0.046490385217505814,0
0,0.10344884074578042,0,0.09531078540748122,0,0.08440594994851924,0
1,0.17037957177024676,0,0.17033542793107945,0,0.2630525836189104,0
0,-0.06294114201898204,0,0.020365892103275902,0,0.0,0
0,0.04682037616275414,0,0.05084627987240776,0,0.12291909231325648,0
0,0.1132681819173188,0,0.08903867945959794,0,0.16365597389140338,0
0,0.2866198217784125,0,0.303999366934897,0,0.2492530925073536,0
0,0.3193247284734104,0,0.3582374551434537,0,0.14516754674031304,0
0,0.06414021000951786,0,0.06462637758594121,0,0.06424161642365915,0
0,-0.02777525789603763,0,0.028062667594374528,0,0.027293360157206358,0
0,-0.024459669778412185,0,0.03109096519989192,0,0.09451603522631112,0
0,0.24226119971223115,0,0.1784931095316186,0,0.16217452879528615,0
0,0.2082029960368007,0,0.177272204720782,0,0.15792968066809948,0
0,0.32805955869744374,0,0.290234704734972,0,0.06536323451662378,0
0,0.18338174714205457,0,0.16772618351386054,0,0.09991165171128781,0
0,0.15027378518285328,0,0.14802269658331055,0,0.09837346649799579,0
0,0.24965974510263167,0,0.23542833894514842,0,0.25180775098665187,0
0,0.12326375823437563,0,0.0974755629887307,0,0.06947357186925154,0
0,-0.01502860112920057,0,0.0312626723383241,0,0.05751010185450868,0
0,-0.02693472573568423,0,0.03234117859116912,0,0.06487658049739958,0
0,0.13140667196021827,0,0.08359128861137202,0,0.0,0
0,-0.018784855275789214,0,0.0317173052885713,0,0.02905309826132075,0
0,0.21692983809179422,0,0.18677132430544793,0,0.05220532345611334,0
0,0.286272807610891,0,0.3112500194798039,0,0.1670546239901386,0
0,0.2777496835142277,0,0.25373915960516313,0,0.24221874246143482,0
1,0.18547153974039032,0,0.18099565854185143,0,0.1889649191931097,0
0,0.1559757026039238,0,0.13450764852009078,0,0.03525866098057704,0
0,0.030657559622647934,0,0.044329405550353404,0,0.1321048004339845,0
0,0.06514758011689792,0,0.06623709679791386,0,0.11906188758221228,0
0,0.06933517886152718,0,0.07285992762088607,0,0.032994779713345565,0
0,0.28580586277026576,0,0.33354331422675254,0,0.22045380481230845,0
0,0.19144036116067797,0,0.17520726101078335,0,0.26218652073212567,0
1,0.1734753699706011,0,0.15617994395611584,0,0.15985824496213819,0
0,0.017850778286203295,0,0.044229704208789286,0,0.1315925897626042,0
1,0.06816458820295623,0,0.06404669978851314,0,0.05872475677527054,0
0,0.035041876555381046,0,0.03990249323361316,0,0.030375241002327514,0
0,0.13364631875132893,0,0.09201844387540956,0,0.06317681334529388,0
0,0.11093539049597001,0,0.09006184995637993,0,0.12786857366716028,0
0,0.2787792679208323,0,0.25659012896363936,0,0.22266973554639094,0
0,-0.06648658412297725,0,0.019409587027574633,0,0.0,0
0,0.001969163134110885,0,0.033964663754098755,0,0.02746218027647846,0
0,-0.02582821343098618,0,0.02817324110185719,0,0.060402721865350346,0
1,0.27880354384016903,0,0.2697198455011287,0,0.1967649408779144,0
0,-0.051850085984298744,0,0.021428461964212286,0,0.03482912330148907,0
0,0.1443007693843411,0,0.11871298869065587,0,0.04989267542504124,0
0,0.015430133312997807,0,0.04023056477991773,0,0.07672602532482127,0
0,0.01738118967418123,0,0.04314929496897515,0,0.02658907628462793,0
0,0.20241858991794404,0,0.1553553987645689,0,0.07606856451178301,0
0,-0.05976156180846259,0,0.024322199721165932,0,0.03158184895558649,0
0,0.04100158341739546,0,0.05023939732238636,0,0.09252208726374578,0
0,0.006314420821542099,0,0.035014200252601345,0,0.0,0
0,0.21403833082100732,0,0.18375416870011177,0,0.1547528099584047,0
1,0.5503955995092409,1,0.651536307690006,1,0.5655185460747189,1
0,0.19275312556567892,0,0.14703792640765695,0,0.07440265237273502,0
0,0.0849283354938638,0,0.06390749107853173,0,0.030649675856141874,0
0,0.23353301412931493,0,0.2263909100812689,0,0.2226127065889155,0
0,0.08388040545207709,0,0.0703203412402893,0,0.09156540623203159,0
0,0.10099963165876558,0,0.07580178900542738,0,0.09966757257589784,0
0,0.29611766826418606,0,0.3012644327606455,0,0.08554789053183025,0
0,0.06745794368494229,0,0.05859887221957913,0,0.16778298051238924,0
1,0.2951275998306705,0,0.3065834136764657,0,0.2386093004606301,0
0,0.10863109437628549,0,0.09538082961646728,0,0.05816690644814335,0
0,0.06807893187373593,0,0.06496195521352413,0,0.029780471404327883,0
0,0.0738636458876093,0,0.06616106546684557,0,0.06561196170113896,0
0,0.2376446541213585,0,0.265549473867811,0,0.2538037428368557,0
0,0.23182086033387195,0,0.19314788290386156,0,0.06278219058384893,0
0,0.2642760372622456,0,0.30719065015930197,0,0.19859951400548567,0
0,0.06008248236746261,0,0.0611348781758033,0,0.036065837215409256,0
0,0.03677681765316598,0,0.04707889591120083,0,0.0,0
0,0.09113822152070983,0,0.08991823151626396,0,0.033349888155095465,0
0,-0.037206073094874115,0,0.02566943346947365,0,0.0,0
0,0.257263485851426,0,0.23642757528116382,0,0.23351520384922947,0
0,0.06827830067129648,0,0.060208517281801426,0,0.06018319495205653,0
0,0.2927284701986266,0,0.3114037009184236,0,0.228176776760957,0
0,0.04157895000143974,0,0.05501716328353364,0,0.057312898881678995,0
0,0.09004384937192333,0,0.07373484350507589,0,0.09718426912412874,0
0,0.17881143508146924,0,0.15689620374746743,0,0.08421501258246643,0
0,0.34713011915705483,0,0.4166686207858878,0,0.4840513478356482,0
0,0.13014862136012872,0,0.10301604247706282,0,0.15800022124283716,0
0,0.10604039188376846,0,0.08315904599607613,0,0.12085829706306514,0
1,0.33425038733884693,0,0.3331737426488008,0,0.26296758586885643,0
0,0.055554680676611845,0,0.056386039067989835,0,0.11347085744546707,0
0,0.07222550035548359,0,0.06573997815060531,0,0.03135092406468774,0
0,0.15041057903238086,0,0.13158860256273272,0,0.2752987966897586,0
0,0.2450207017099052,0,0.2563332306467029,0,0.1906098425688686,0
0,0.32897931678905556,0,0.3438539136221617,0,0.2800237944242641,0
0,-0.007125028768213193,0,0.033406760808905804,0,0.1027604072454845,0
1,0.1533273593644111,0,0.11137286361996461,0,0.06037175964250678,0
0,-0.06361469459893832,0,0.020722225556407722,0,0.0,0
0,0.4883512850046463,0,0.5224928051504915,1,0.3010089073865103,0
1,0.267030613706178,0,0.27336556471716694,0,0.12421382600081246,0
0,0.13454947410589224,0,0.1092136890626503,0,0.17623103245270572,0
0,0.1754285211309301,0,0.14280186632327654,0,0.11813859096947063,0
0,0.0546662924304675,0,0.06330818543221307,0,0.03732266304610225,0
0,0.26826341582668445,0,0.263264548705241,0,0.12637764324927034,0
0,0.17318707228746177,0,0.14012314490705144,0,0.16872543956226121,0
1,0.03723214025535371,0,0.047434852655266674,0,0.15502138938504537,0
0,0.12489565625347787,0,0.10743374170023787,0,0.16530789384518937,0
0,0.11797749110017719,0,0.10326203079924212,0,0.11962892709304936,0
0,0.04679342880935289,0,0.057512225980654065,0,0.13244942011111727,0
0,0.20567625213630203,0,0.17684342291074787,0,0.17955215366842545,0
0,0.030486574879577732,0,0.04838658737832564,0,0.09618348491893329,0
0,0.074292767629621,0,0.07205232005194273,0,0.10020351610950522,0
0,0.14674622985773,0,0.132290844218093,0,0.1051489927298854,0
0,0.08341816777931532,0,0.07941013658406354,0,0.12631968807291805,0
0,0.2963186031608045,0,0.3106002739334465,0,0.10785636436190271,0
0,0.12592530186626139,0,0.1031156219772009,0,0.12386869705146696,0
0,0.06581553743024915,0,0.06565579417575344,0,0.13666683153495873,0
0,0.13143581625526868,0,0.10929376554221082,0,0.1673159771530011,0
0,0.053657741443029705,0,0.058081229833445894,0,0.0,0
0,-0.005410434305008094,0,0.031964538338670835,0,0.034747287782757486,0
0,0.09225761844823421,0,0.07789789812791842,0,0.031614923582261416,0
1,0.3243915339588199,0,0.35060459975407987,0,0.19929777573284999,0
1,0.32124011773774885,0,0.37380359918051453,0,0.3380638653182605,0
0,0.11315824225361726,0,0.06708080304898292,0,0.0973476598439861,0
0,0.06836282276490513,0,0.0653469881961619,0,0.13020029505404582,0
0,0.1438870985074272,0,0.12524724667990675,0,0.19040435374051082,0
0,0.19773459615214994,0,0.1520151268874162,0,0.21823526864190484,0
0,-0.007668169232386335,0,0.03459651406175839,0,0.028017844656762485,0
0,0.019245920295286045,0,0.043793258698871795,0,0.0,0
0,0.1905179560932342,0,0.1648833940565118,0,0.23334628436350668,0
0,0.05716952775951534,0,0.06368001483916147,0,0.02850512938732109,0
0,0.21369519608418397,0,0.1942916652761421,0,0.2313737999916556,0
0,0.02920300410185439,0,0.04690228374857574,0,0.03308520192511361,0
0,0.1508479539541695,0,0.14009340978497153,0,0.15220294201017168,0
0,0.27986376389952816,0,0.26505866321459465,0,0.2665388553489249,0
0,0.06446526907199701,0,0.06314140250645003,0,0.029153866253333938,0
0,0.26147348563151795,0,0.25568229136761117,0,0.24928712999024774,0
1,0.2083299017951422,0,0.18171064482048935,0,0.10696098155785956,0
0,0.2482795500462711,0,0.2337806236578456,0,0.06974933686269177,0
0,0.11895060444548222,0,0.09085638497655084,0,0.06726021016679137,0
0,0.012326229601763994,0,0.04223717779025413,0,0.06373594447142455,0
1,0.08228426546938772,0,0.08534351576164101,0,0.15960920087182118,0
0,0.15928703838205716,0,0.12904498740782294,0,0.16382003122865346,0
0,0.037215961308040835,0,0.04662208288406427,0,0.031237107756868887,0
0,0.2898807651328942,0,0.25212497583537447,0,0.028734234241567323,0
0,0.11234748529252936,0,0.09365749831040875,0,0.0589453876696824,0
0,-0.03826296483008118,0,0.027923549838364845,0,0.05804572185130438,0
0,0.07753620039097431,0,0.07690341887752353,0,0.09704926292127461,0
0,0.11356177215911112,0,0.08076794336608012,0,0.0332612494037366,0
0,0.0979051990590778,0,0.08009561606725646,0,0.09151003711622403,0
0,0.10069436693786948,0,0.08264814072824754,0,0.12242099138716465,0
0,0.034248247341223004,0,0.05270988461089978,0,0.09483185111977506,0
0,0.1531326190673713,0,0.12511495890010033,0,0.15851476399553321,0
0,-0.007743235132425141,0,0.03541476877005614,0,0.033793502135236755,0
0,0.14554001171852127,0,0.1149162841909306,0,0.12133158798596703,0
0,-0.05950705582025151,0,0.02144288708533363,0,0.029306772890845777,0
0,0.19455423909458347,0,0.1634893307532722,0,0.05803229936564347,0
0,-0.03250079659491867,0,0.031592892043923126,0,0.06016814304379018,0
0,0.3046534775737968,0,0.33502905173964653,0,0.19232821003299885,0
0,0.23633940331896164,0,0.22393026468251082,0,0.12359355918835428,0
1,0.44896504905282963,0,0.5692905773611907,1,0.2188664506834757,0
0,0.09393001530264045,0,0.0813168804480744,0,0.10553942955754615,0
0,0.30421675956923255,0,0.3430616727468975,0,0.27621232055821743,0
0,-0.06274559500989141,0,0.02282132061800577,0,0.0,0
1,0.29953052542761305,0,0.3429526652826616,0,0.3059719002924862,0
1,0.22798095597442458,0,0.17542121923769233,0,0.20788555683120236,0
0,0.17624946243643114,0,0.14026420445971327,0,0.17016955595457264,0
0,0.18338018367130582,0,0.17578829675864815,0,0.20531988201538795,0
0,0.13220200879906874,0,0.11781836094638855,0,0.08797787783828559,0
1,0.15864734350560128,0,0.13246593412585966,0,0.09181204291496066,0
0,0.2108129329363838,0,0.19440464797917328,0,0.1338604819289209,0
0,-0.015218243517570063,0,0.03338901758231798,0,0.10461720507162181,0
0,0.2493888821184843,0,0.22535824732413995,0,0.2108148077979364,0
0,0.14749789278993208,0,0.11569647835327086,0,0.11957296565055307,0
0,0.15120077286548683,0,0.11214104727048285,0,0.08979029588605493,0
0,0.05033550918500018,0,0.05725171351536441,0,0.13657693382990874,0
1,0.16497366122503843,0,0.11827407799279159,0,0.1283733418205866,0
0,0.09488101905296809,0,0.08495335816058963,0,0.06224032354054792,0
0,0.014564332624534049,0,0.04072953482669028,0,0.0298583574923431,0
0,0.15167486982038858,0,0.1397269021531311,0,0.13299352655145907,0
0,0.1893285373690482,0,0.15486115028384093,0,0.14377513394785682,0
0,0.14392778975515452,0,0.10515868467016493,0,0.06128898501197258,0
1,0.20364303497245562,0,0.15679309018364262,0,0.055925016603397465,0
1,0.3488785052001544,0,0.36348324656018055,0,0.1314950204423712,0
0,0.2473718368379908,0,0.24055277496466027,0,0.22309161781291847,0
0,0.10331557696348626,0,0.07720220664994797,0,0.030144487738894138,0
0,0.15908223913041564,0,0.1361957027593509,0,0.1350753120638101,0
0,0.06196824021544434,0,0.05629166922991451,0,0.05696336292754078,0
0,0.1694489014628674,0,0.1325851121426739,0,0.13008630442555166,0
0,0.061340853388509586,0,0.052890473936018874,0,0.0,0
0,0.01711828612384081,0,0.04061737889692809,0,0.0,0
0,0.042124716067182044,0,0.055418112759863025,0,0.1301357620400432,0
0,0.21274103175912118,0,0.16888732292113573,0,0.17380196630279596,0
1,0.2754422208887083,0,0.2778034516019125,0,0.2592937578170967,0
0,0.10463104053682748,0,0.09020635522461483,0,0.09089511067150997,0
0,0.23400883751860446,0,0.19867441909295144,0,0.059966419400041715,0
0,0.08301509353036496,0,0.07425869101555145,0,0.12375956470887689,0
0,0.38048285765275014,0,0.3827604469545666,0,0.3254449896050884,0
1,0.03282288376824505,0,0.05028017522877924,0,0.05654349454446109,0
0,0.147776284913691,0,0.12522248829459057,0,0.13148331187317006,0
0,0.10633945601175077,0,0.09072280484344182,0,0.06064904321854044,0
0,0.1875855730846413,0,0.16879752109683993,0,0.12350918471272035,0
0,0.24407464580780203,0,0.155425070211409,0,0.15399916499971644,0
0,-0.013919239671230432,0,0.03510686499485748,0,0.0,0
0,0.2509538710709177,0,0.24029728022925853,0,0.18686407511162884,0
0,0.10672503882664885,0,0.08478602678507476,0,0.06779410614668202,0
0,0.04100056461973578,0,0.0509341426254985,0,0.05662839872785143,0
0,0.08629919354485849,0,0.07888912790738295,0,0.06388323298348159,0
0,0.2865820076022636,0,0.3009135085899954,0,0.1242351436890109,0
0,0.12966853015305602,0,0.11490384178472551,0,0.1560063066377246,0
0,0.1541846549009085,0,0.14471679225577866,0,0.10493776886773888,0
1,0.2804958901982587,0,0.31941218227856094,0,0.18692215742856375,0
0,0.15155110417375306,0,0.12345332513174583,0,0.09112912240549162,0
0,0.07398939682824279,0,0.06762928547995233,0,0.13896600448934684,0
0,0.1410305766129183,0,0.12212247052733075,0,0.1991780724260519,0
0,0.25064989326976694,0,0.2549561396818648,0,0.18661451143425586,0
0,0.16479798104527565,0,0.14517382244457325,0,0.13044469561619818,0
0,0.06890589212801812,0,0.05958223576702609,0,0.0993856905144482,0
0,0.31533537234289033,0,0.4510289265448086,0,0.32205498328062243,0
0,0.36028608800624407,0,0.3751393758859721,0,0.262019574154855,0
0,0.3228412047652027,0,0.33172143113417696,0,0.16791935912990955,0
0,0.04913342413072985,0,0.04853195195666715,0,0.03107259519517395,0
0,0.017356215988115875,0,0.03845520052835798,0,0.05891407356430291,0
0,0.24834862224396015,0,0.216507161138776,0,0.20760826253622688,0
